com.samsung.shealth.report,6123001,3
timezone,start_date,update_time,create_time,type,is_empty,version,deviceuuid,content,pkg_name,datauuid,compressed_content
Asia/Riyadh,1547931600000,2019-02-02 11:58:57.853,2019-01-29 11:49:32.494,0,0,2,lv82WtQZxZ,X,com.sec.android.app.shealth,173a2576-b58d-43e5-a407-62d2036310cb,173a2576-b58d-43e5-a407-62d2036310cb.compressed_content.json,
Asia/Riyadh,1551560400000,2019-03-16 11:50:19.289,2019-03-10 11:51:01.801,0,0,2,lv82WtQZxZ,X,com.sec.android.app.shealth,ca51adec-bf7d-4f85-a146-8c194b32fece,ca51adec-bf7d-4f85-a146-8c194b32fece.compressed_content.json,
Asia/Riyadh,1554670800000,2019-04-20 11:48:59.031,2019-04-19 11:49:53.705,0,0,2,lv82WtQZxZ,X,com.sec.android.app.shealth,1bc763bf-faac-4987-bc37-e92117cc7df3,1bc763bf-faac-4987-bc37-e92117cc7df3.compressed_content.json,
Asia/Riyadh,1558299600000,2019-06-02 11:49:28.349,2019-05-27 11:48:54.461,0,0,2,lv82WtQZxZ,X,com.sec.android.app.shealth,d48232c7-db79-49d5-ad56-d23f4b9f7147,d48232c7-db79-49d5-ad56-d23f4b9f7147.compressed_content.json,
Asia/Riyadh,1548536400000,2019-02-09 11:54:48.270,2019-02-03 11:50:24.650,0,0,2,lv82WtQZxZ,X,com.sec.android.app.shealth,2a24e649-575d-4a3f-b3ce-46790d35e044,2a24e649-575d-4a3f-b3ce-46790d35e044.compressed_content.json,
Asia/Tokyo,1561302000000,2019-07-07 05:49:24.717,2019-07-01 05:49:12.042,0,0,2,lv82WtQZxZ,X,com.sec.android.app.shealth,859b2d6d-168e-4327-8587-77498fd75462,859b2d6d-168e-4327-8587-77498fd75462.compressed_content.json,
Asia/Riyadh,1552165200000,2019-03-23 11:49:48.666,2019-03-17 11:49:22.674,0,0,2,lv82WtQZxZ,X,com.sec.android.app.shealth,e4a967d5-9f0f-4ace-8c2c-6a47a95a443f,e4a967d5-9f0f-4ace-8c2c-6a47a95a443f.compressed_content.json,
Asia/Riyadh,1564347600000,2019-08-11 11:49:05.596,2019-08-05 11:49:32.851,0,0,2,lv82WtQZxZ,X,com.sec.android.app.shealth,c2f7a051-464f-442f-916d-8bf3009a0c42,c2f7a051-464f-442f-916d-8bf3009a0c42.compressed_content.json,
Asia/Riyadh,1555275600000,2019-04-28 11:49:41.671,2019-04-22 09:59:21.752,0,0,2,lv82WtQZxZ,X,com.sec.android.app.shealth,647caccf-c978-4f63-8b0d-2b8e03a893ba,647caccf-c978-4f63-8b0d-2b8e03a893ba.compressed_content.json,
Asia/Riyadh,1567976400000,2019-09-22 11:49:19.316,2019-09-16 11:49:01.878,0,0,2,lv82WtQZxZ,X,com.sec.android.app.shealth,2bff6fa8-9493-4bf4-b624-0043fc823ae7,2bff6fa8-9493-4bf4-b624-0043fc823ae7.compressed_content.json,
Asia/Riyadh,1571605200000,2019-10-29 11:49:04.077,2019-10-29 11:49:01.305,0,0,2,lv82WtQZxZ,X,com.sec.android.app.shealth,53303e42-88b3-4e80-8ddf-e3333984165e,53303e42-88b3-4e80-8ddf-e3333984165e.compressed_content.json,
Asia/Riyadh,1575234000000,2019-12-09 11:58:58.010,2019-12-09 11:58:43.032,0,0,2,lv82WtQZxZ,X,com.sec.android.app.shealth,8bd4f28e-7310-4256-b1a7-565f2508478e,8bd4f28e-7310-4256-b1a7-565f2508478e.compressed_content.json,
Asia/Riyadh,1578862800000,2020-01-20 11:48:53.825,2020-01-20 11:48:50.980,0,0,2,lv82WtQZxZ,X,com.sec.android.app.shealth,9b006fdf-6ba7-4ecb-bf44-d16afaa6dbd9,9b006fdf-6ba7-4ecb-bf44-d16afaa6dbd9.compressed_content.json,
Asia/Riyadh,1558904400000,2019-06-09 11:49:03.809,2019-06-03 11:49:01.401,0,0,2,lv82WtQZxZ,X,com.sec.android.app.shealth,797df715-1134-4c3e-98cf-2c41388529cb,797df715-1134-4c3e-98cf-2c41388529cb.compressed_content.json,
Asia/Riyadh,1582491600000,2020-03-02 11:49:04.321,2020-03-02 11:49:01.390,0,0,2,lv82WtQZxZ,X,com.sec.android.app.shealth,122a38ee-85d8-4f58-8ad1-ed608ff5e2a3,122a38ee-85d8-4f58-8ad1-ed608ff5e2a3.compressed_content.json,
Asia/Riyadh,1586120400000,2020-04-13 11:49:10.401,2020-04-13 11:48:53.559,0,0,2,lv82WtQZxZ,X,com.sec.android.app.shealth,65056fd3-53e1-458c-94b2-b4e6b328b4bb,65056fd3-53e1-458c-94b2-b4e6b328b4bb.compressed_content.json,
Asia/Tokyo,1561906800000,2019-07-08 06:00:08.291,2019-07-08 06:00:05.470,0,0,2,lv82WtQZxZ,X,com.sec.android.app.shealth,331ab087-e757-4cb8-aa72-0b301872f38e,331ab087-e757-4cb8-aa72-0b301872f38e.compressed_content.json,
Asia/Riyadh,1589749200000,2020-05-25 11:49:16.378,2020-05-25 11:49:11.729,0,0,2,lv82WtQZxZ,X,com.sec.android.app.shealth,53fd5222-cbc4-40e0-9296-1ba11cfd8ac0,53fd5222-cbc4-40e0-9296-1ba11cfd8ac0.compressed_content.json,
Asia/Riyadh,1564952400000,2019-08-18 11:48:51.394,2019-08-12 12:03:27.770,0,0,2,lv82WtQZxZ,X,com.sec.android.app.shealth,0ed9620a-f800-42f0-883d-fc18eb7f0aa2,0ed9620a-f800-42f0-883d-fc18eb7f0aa2.compressed_content.json,
Asia/Riyadh,1593378000000,2020-07-06 11:49:07.666,2020-07-06 11:49:04.816,0,0,2,lv82WtQZxZ,X,com.sec.android.app.shealth,574c9ab0-cb1a-4783-b134-a66705066c83,574c9ab0-cb1a-4783-b134-a66705066c83.compressed_content.json,
Asia/Riyadh,1568581200000,2019-09-29 11:50:16.493,2019-09-23 11:50:08.342,0,0,2,lv82WtQZxZ,X,com.sec.android.app.shealth,11526110-a5f4-432e-8583-9345408ca709,11526110-a5f4-432e-8583-9345408ca709.compressed_content.json,
Asia/Riyadh,1597006800000,2020-08-17 11:49:24.553,2020-08-17 11:49:10.430,0,0,2,lv82WtQZxZ,X,com.sec.android.app.shealth,40e8bb02-6cd0-4c94-a0ae-a9828051e0a6,40e8bb02-6cd0-4c94-a0ae-a9828051e0a6.compressed_content.json,
Asia/Riyadh,1572210000000,2019-11-05 11:51:23.360,2019-11-05 11:51:20.889,0,0,2,lv82WtQZxZ,X,com.sec.android.app.shealth,4a666bb9-f5b7-4b62-83cb-1397acfd31d9,4a666bb9-f5b7-4b62-83cb-1397acfd31d9.compressed_content.json,
Asia/Riyadh,1600635600000,2020-09-28 11:49:20.180,2020-09-28 11:49:17.654,0,0,2,lv82WtQZxZ,X,com.sec.android.app.shealth,2b2aa822-dd7c-4608-afce-c52738b3991c,2b2aa822-dd7c-4608-afce-c52738b3991c.compressed_content.json,
Asia/Riyadh,1575838800000,2019-12-16 11:52:53.431,2019-12-16 11:52:50.754,0,0,2,lv82WtQZxZ,X,com.sec.android.app.shealth,353b3612-2e82-47cf-b8aa-d3d7c07fe793,353b3612-2e82-47cf-b8aa-d3d7c07fe793.compressed_content.json,
Asia/Riyadh,1604264400000,2020-11-09 11:49:05.864,2020-11-09 11:49:03.339,0,0,2,lv82WtQZxZ,X,com.sec.android.app.shealth,30754886-7d47-4f33-8241-973172db220e,30754886-7d47-4f33-8241-973172db220e.compressed_content.json,
Asia/Riyadh,1579467600000,2020-01-27 11:49:04.134,2020-01-27 11:49:01.498,0,0,2,lv82WtQZxZ,X,com.sec.android.app.shealth,d4d8e0bc-0947-449c-afbb-d36ce13f6fef,d4d8e0bc-0947-449c-afbb-d36ce13f6fef.compressed_content.json,
Asia/Riyadh,1583096400000,2020-03-09 11:49:07.224,2020-03-09 11:49:03.696,0,0,2,lv82WtQZxZ,X,com.sec.android.app.shealth,2f2b81f5-8595-4c66-9d06-06d34d3865e4,2f2b81f5-8595-4c66-9d06-06d34d3865e4.compressed_content.json,
Asia/Riyadh,1549141200000,2019-02-16 11:49:34.260,2019-02-10 11:50:07.920,0,0,2,lv82WtQZxZ,X,com.sec.android.app.shealth,16e017c0-92f8-4478-9384-db8d35c1bfce,16e017c0-92f8-4478-9384-db8d35c1bfce.compressed_content.json,
Asia/Riyadh,1552770000000,2019-03-30 12:46:32.773,2019-03-24 11:49:03.555,0,0,2,lv82WtQZxZ,X,com.sec.android.app.shealth,76d8d140-986a-434c-a478-9f4a67a31ee6,76d8d140-986a-434c-a478-9f4a67a31ee6.compressed_content.json,
Asia/Riyadh,1586725200000,2020-04-20 11:49:16.292,2020-04-20 11:49:13.431,0,0,2,lv82WtQZxZ,X,com.sec.android.app.shealth,fbe11760-2f99-4251-9ea9-20394ca3482c,fbe11760-2f99-4251-9ea9-20394ca3482c.compressed_content.json,
Asia/Riyadh,1590354000000,2020-06-02 11:49:42.386,2020-06-02 11:49:40.155,0,0,2,lv82WtQZxZ,X,com.sec.android.app.shealth,91c248c7-10b5-48f1-8e1d-13acd9f22da7,91c248c7-10b5-48f1-8e1d-13acd9f22da7.compressed_content.json,
Asia/Riyadh,1555880400000,2019-05-05 11:49:09.208,2019-04-29 13:00:59.350,0,0,2,lv82WtQZxZ,X,com.sec.android.app.shealth,cc53500e-e346-4d7d-9fea-de7cc321e572,cc53500e-e346-4d7d-9fea-de7cc321e572.compressed_content.json,
Asia/Riyadh,1593982800000,2020-07-13 11:52:23.916,2020-07-13 11:51:55.270,0,0,2,lv82WtQZxZ,X,com.sec.android.app.shealth,86970406-6667-4ee9-a8ba-18308f7b724b,86970406-6667-4ee9-a8ba-18308f7b724b.compressed_content.json,
Asia/Riyadh,1559509200000,2019-06-10 11:50:01.831,2019-06-10 11:49:43.455,0,0,2,lv82WtQZxZ,X,com.sec.android.app.shealth,087d24fb-61e5-4034-9aa0-d751ee36e638,087d24fb-61e5-4034-9aa0-d751ee36e638.compressed_content.json,
Asia/Riyadh,1597611600000,2020-08-24 11:49:16.502,2020-08-24 11:49:11.596,0,0,2,lv82WtQZxZ,X,com.sec.android.app.shealth,f1811d2e-1779-4cea-8d5f-f1179b84a3cd,f1811d2e-1779-4cea-8d5f-f1179b84a3cd.compressed_content.json,
Asia/Riyadh,1561928400000,2019-07-14 13:33:11.703,2019-07-09 10:52:32.546,0,0,2,lv82WtQZxZ,X,com.sec.android.app.shealth,79b87555-0421-4972-a613-294a825f9e2d,79b87555-0421-4972-a613-294a825f9e2d.compressed_content.json,
Asia/Riyadh,1601240400000,2020-10-05 11:49:12.548,2020-10-05 11:49:02.232,0,0,2,lv82WtQZxZ,X,com.sec.android.app.shealth,12d5d780-914d-42a9-bf7c-9cfc8b3f5739,12d5d780-914d-42a9-bf7c-9cfc8b3f5739.compressed_content.json,
Asia/Riyadh,1604869200000,2020-11-16 11:49:46.679,2020-11-16 11:49:13.064,0,0,2,lv82WtQZxZ,X,com.sec.android.app.shealth,cc340497-fd58-45c6-a406-539ba5dba140,cc340497-fd58-45c6-a406-539ba5dba140.compressed_content.json,
Asia/Riyadh,1565557200000,2019-08-25 11:48:58.017,2019-08-19 11:49:20.827,0,0,2,lv82WtQZxZ,X,com.sec.android.app.shealth,76cfa204-bb44-4fa8-8ac4-6c2f16c96110,76cfa204-bb44-4fa8-8ac4-6c2f16c96110.compressed_content.json,
Asia/Riyadh,1569186000000,2019-10-01 11:49:05.424,2019-09-30 11:49:15.284,0,0,2,lv82WtQZxZ,X,com.sec.android.app.shealth,f05ce188-d83c-4b78-8f8f-617148a920d5,f05ce188-d83c-4b78-8f8f-617148a920d5.compressed_content.json,
Asia/Riyadh,1572814800000,2019-11-11 11:49:04.119,2019-11-11 11:49:01.194,0,0,2,lv82WtQZxZ,X,com.sec.android.app.shealth,dad2ac76-b8b3-4617-88a8-784c3c074498,dad2ac76-b8b3-4617-88a8-784c3c074498.compressed_content.json,
Asia/Riyadh,1576443600000,2019-12-23 11:49:30.968,2019-12-23 11:49:28.122,0,0,2,lv82WtQZxZ,X,com.sec.android.app.shealth,3c6d56d9-75f5-4d64-be1d-d95de7268f99,3c6d56d9-75f5-4d64-be1d-d95de7268f99.compressed_content.json,
Asia/Riyadh,1580072400000,2020-02-03 11:49:06.994,2020-02-03 11:49:03.573,0,0,2,lv82WtQZxZ,X,com.sec.android.app.shealth,ad39ebcb-d83a-433e-9b82-d089e0bb40f5,ad39ebcb-d83a-433e-9b82-d089e0bb40f5.compressed_content.json,
Asia/Riyadh,1583701200000,2020-03-16 11:49:04.828,2020-03-16 11:49:01.808,0,0,2,lv82WtQZxZ,X,com.sec.android.app.shealth,6281d794-a3da-4447-af28-2e46d4359f45,6281d794-a3da-4447-af28-2e46d4359f45.compressed_content.json,
Asia/Riyadh,1587330000000,2020-04-27 11:49:16.797,2020-04-27 11:49:11.027,0,0,2,lv82WtQZxZ,X,com.sec.android.app.shealth,adb84973-b8eb-4569-8220-a75e954fa817,adb84973-b8eb-4569-8220-a75e954fa817.compressed_content.json,
Asia/Riyadh,1590958800000,2020-06-08 11:50:14.660,2020-06-08 11:49:16.695,0,0,2,lv82WtQZxZ,X,com.sec.android.app.shealth,f70b3aef-c494-423e-b902-b946319892bb,f70b3aef-c494-423e-b902-b946319892bb.compressed_content.json,
Asia/Riyadh,1594587600000,2020-07-20 11:49:16.965,2020-07-20 11:49:09.732,0,0,2,lv82WtQZxZ,X,com.sec.android.app.shealth,4559eff6-2bcd-418c-ba71-1ee0074b9553,4559eff6-2bcd-418c-ba71-1ee0074b9553.compressed_content.json,
Asia/Riyadh,1598216400000,2020-08-31 11:48:51.791,2020-08-31 11:48:49.272,0,0,2,lv82WtQZxZ,X,com.sec.android.app.shealth,98fd6856-55bf-4cd1-824b-b3dfc8f15df3,98fd6856-55bf-4cd1-824b-b3dfc8f15df3.compressed_content.json,
Asia/Riyadh,1601845200000,2020-10-13 11:49:12.622,2020-10-12 11:49:01.643,0,0,2,lv82WtQZxZ,X,com.sec.android.app.shealth,12cfe9de-937f-4685-afd7-afd3918c0ac0,12cfe9de-937f-4685-afd7-afd3918c0ac0.compressed_content.json,
Asia/Riyadh,1605474000000,2020-11-23 11:53:18.861,2020-11-23 11:53:05.258,0,0,2,lv82WtQZxZ,X,com.sec.android.app.shealth,9a2e9699-50ea-4cf0-8a67-546161447692,9a2e9699-50ea-4cf0-8a67-546161447692.compressed_content.json,
Asia/Riyadh,1549746000000,2019-02-23 11:49:09.759,2019-02-17 11:49:53.741,0,0,2,lv82WtQZxZ,X,com.sec.android.app.shealth,4bf5a4d3-30ba-43d2-89f1-4627b3277455,4bf5a4d3-30ba-43d2-89f1-4627b3277455.compressed_content.json,
Asia/Riyadh,1553374800000,2019-04-06 11:49:06.046,2019-03-31 11:50:20.522,0,0,2,lv82WtQZxZ,X,com.sec.android.app.shealth,a0b933a2-90ab-47f8-8b06-a2daffaf717a,a0b933a2-90ab-47f8-8b06-a2daffaf717a.compressed_content.json,
Asia/Riyadh,1556485200000,2019-05-12 12:24:59.807,2019-05-06 11:48:49.947,0,0,2,lv82WtQZxZ,X,com.sec.android.app.shealth,4dc10a27-bbf8-4a10-8b7d-8d322b23ef7d,4dc10a27-bbf8-4a10-8b7d-8d322b23ef7d.compressed_content.json,
Asia/Seoul,1559487600000,2019-06-16 05:49:46.211,2019-06-11 05:49:44.455,0,0,2,lv82WtQZxZ,X,com.sec.android.app.shealth,dc722a5e-7f83-450a-85ab-f110113a98de,dc722a5e-7f83-450a-85ab-f110113a98de.compressed_content.json,
Asia/Riyadh,1562533200000,2019-07-21 11:50:28.717,2019-07-15 12:24:45.640,0,0,2,lv82WtQZxZ,X,com.sec.android.app.shealth,be5fb0c0-315a-4411-8da2-1525c868fd7e,be5fb0c0-315a-4411-8da2-1525c868fd7e.compressed_content.json,
Asia/Riyadh,1566162000000,2019-09-01 11:49:06.457,2019-08-26 11:48:54.310,0,0,2,lv82WtQZxZ,X,com.sec.android.app.shealth,cd5fb1f7-0125-4c82-8002-9366ed2d43d7,cd5fb1f7-0125-4c82-8002-9366ed2d43d7.compressed_content.json,
Asia/Riyadh,1569790800000,2019-10-07 11:49:11.262,2019-10-07 11:49:08.549,0,0,2,lv82WtQZxZ,X,com.sec.android.app.shealth,25831b2b-01af-45b3-b6ba-2ca2561941c5,25831b2b-01af-45b3-b6ba-2ca2561941c5.compressed_content.json,
Asia/Riyadh,1573419600000,2019-11-18 11:49:08.986,2019-11-18 11:49:06.118,0,0,2,lv82WtQZxZ,X,com.sec.android.app.shealth,e7efbace-a02c-4f16-960c-a089fd23e45e,e7efbace-a02c-4f16-960c-a089fd23e45e.compressed_content.json,
Asia/Riyadh,1577048400000,2019-12-30 11:48:53.144,2019-12-30 11:48:49.992,0,0,2,lv82WtQZxZ,X,com.sec.android.app.shealth,ec2aa033-ee84-4b7a-b38d-8d728e4c126f,ec2aa033-ee84-4b7a-b38d-8d728e4c126f.compressed_content.json,
Asia/Riyadh,1580677200000,2020-02-10 11:51:02.152,2020-02-10 11:50:58.896,0,0,2,lv82WtQZxZ,X,com.sec.android.app.shealth,2ae65e85-8217-4f1e-b713-05d6428e2a5d,2ae65e85-8217-4f1e-b713-05d6428e2a5d.compressed_content.json,
Asia/Riyadh,1550955600000,2019-03-09 11:49:05.817,2019-03-03 11:51:09.453,0,0,2,lv82WtQZxZ,X,com.sec.android.app.shealth,cb7ad7c3-daf8-4998-9a30-764849045d6d,cb7ad7c3-daf8-4998-9a30-764849045d6d.compressed_content.json,
Asia/Riyadh,1584306000000,2020-03-23 11:49:14.898,2020-03-23 11:49:11.079,0,0,2,lv82WtQZxZ,X,com.sec.android.app.shealth,820c73f3-6919-42fd-87ec-bc7f91d826b0,820c73f3-6919-42fd-87ec-bc7f91d826b0.compressed_content.json,
Asia/Riyadh,1550350800000,2019-03-02 11:49:43.741,2019-02-24 11:49:01.845,0,0,2,lv82WtQZxZ,X,com.sec.android.app.shealth,eb5ce548-ba06-46a1-8cd2-cc1484289cc7,eb5ce548-ba06-46a1-8cd2-cc1484289cc7.compressed_content.json,
Asia/Riyadh,1554584400000,2019-04-18 11:50:06.035,2019-04-14 11:49:44.368,0,0,2,lv82WtQZxZ,X,com.sec.android.app.shealth,58b393a5-3be4-4c06-85ea-335559708f15,58b393a5-3be4-4c06-85ea-335559708f15.compressed_content.json,
Asia/Riyadh,1557694800000,2019-05-26 11:50:35.184,2019-05-20 12:43:56.466,0,0,2,lv82WtQZxZ,X,com.sec.android.app.shealth,d2775ab1-b9b8-47af-9de3-c75243e02053,d2775ab1-b9b8-47af-9de3-c75243e02053.compressed_content.json,
Asia/Riyadh,1587934800000,2020-05-04 13:31:31.410,2020-05-04 13:31:19.912,0,0,2,lv82WtQZxZ,X,com.sec.android.app.shealth,721b8f37-3ac5-44e8-94fc-2c76340ad6a8,721b8f37-3ac5-44e8-94fc-2c76340ad6a8.compressed_content.json,
Asia/Riyadh,1553979600000,2019-04-13 11:49:07.583,2019-04-07 11:48:52.252,0,0,2,lv82WtQZxZ,X,com.sec.android.app.shealth,004d2d17-6162-4f41-9092-247dc31f5985,004d2d17-6162-4f41-9092-247dc31f5985.compressed_content.json,
Asia/Tokyo,1560697200000,2019-06-30 05:49:02.925,2019-06-24 05:49:16.357,0,0,2,lv82WtQZxZ,X,com.sec.android.app.shealth,aacd0ea4-70a1-41b3-97aa-fc06e0e17cfc,aacd0ea4-70a1-41b3-97aa-fc06e0e17cfc.compressed_content.json,
Asia/Riyadh,1563742800000,2019-08-04 11:49:38.038,2019-07-29 11:49:18.607,0,0,2,lv82WtQZxZ,X,com.sec.android.app.shealth,233b4290-2eb6-4743-98ed-bbc1cd7a8041,233b4290-2eb6-4743-98ed-bbc1cd7a8041.compressed_content.json,
Asia/Riyadh,1557090000000,2019-05-19 11:51:02.010,2019-05-13 12:54:59.594,0,0,2,lv82WtQZxZ,X,com.sec.android.app.shealth,94974a32-ae42-4a10-9c1b-47ecc2d8375d,94974a32-ae42-4a10-9c1b-47ecc2d8375d.compressed_content.json,
Asia/Riyadh,1591563600000,2020-06-15 11:49:17.564,2020-06-15 11:49:12.631,0,0,2,lv82WtQZxZ,X,com.sec.android.app.shealth,31ad1f45-da68-411f-aeec-cdb26a99af24,31ad1f45-da68-411f-aeec-cdb26a99af24.compressed_content.json,
Asia/Riyadh,1595192400000,2020-07-27 12:05:10.357,2020-07-27 12:05:03.413,0,0,2,lv82WtQZxZ,X,com.sec.android.app.shealth,1886592c-7784-48f8-975c-53267808ea56,1886592c-7784-48f8-975c-53267808ea56.compressed_content.json,
Asia/Tokyo,1560092400000,2019-06-23 05:49:06.192,2019-06-17 05:49:16.537,0,0,2,lv82WtQZxZ,X,com.sec.android.app.shealth,88dc64e0-3501-425e-a4e5-6d2338015aa3,88dc64e0-3501-425e-a4e5-6d2338015aa3.compressed_content.json,
Asia/Riyadh,1598821200000,2020-09-07 11:49:16.697,2020-09-07 11:49:11.786,0,0,2,lv82WtQZxZ,X,com.sec.android.app.shealth,034a48c3-ffdb-4c9b-8e78-ce876f8a51cf,034a48c3-ffdb-4c9b-8e78-ce876f8a51cf.compressed_content.json,
Asia/Riyadh,1567371600000,2019-09-15 11:48:53.226,2019-09-09 13:12:27.692,0,0,2,lv82WtQZxZ,X,com.sec.android.app.shealth,4525e366-c227-42aa-b904-ec9492822518,4525e366-c227-42aa-b904-ec9492822518.compressed_content.json,
Asia/Riyadh,1563138000000,2019-07-28 12:43:06.141,2019-07-22 12:22:32.430,0,0,2,lv82WtQZxZ,X,com.sec.android.app.shealth,7c586d46-c67a-4d50-9777-7ace03810d3c,7c586d46-c67a-4d50-9777-7ace03810d3c.compressed_content.json,
Asia/Riyadh,1602450000000,2020-10-19 11:53:03.500,2020-10-19 11:51:45.660,0,0,2,lv82WtQZxZ,X,com.sec.android.app.shealth,d16e7ab2-6fca-495b-a445-2a994be2d30e,d16e7ab2-6fca-495b-a445-2a994be2d30e.compressed_content.json,
Asia/Riyadh,1606078800000,2020-11-30 11:49:13.776,2020-11-30 11:49:10.491,0,0,2,lv82WtQZxZ,X,com.sec.android.app.shealth,6bc277f7-488a-403b-a5d4-dfdc94725c74,6bc277f7-488a-403b-a5d4-dfdc94725c74.compressed_content.json,
Asia/Riyadh,1566766800000,2019-09-08 11:49:28.879,2019-09-02 11:48:50.664,0,0,2,lv82WtQZxZ,X,com.sec.android.app.shealth,d6ae62de-fcc3-4091-9071-2a012ef5850f,d6ae62de-fcc3-4091-9071-2a012ef5850f.compressed_content.json,
Asia/Riyadh,1571000400000,2019-10-21 11:49:04.610,2019-10-21 11:49:01.512,0,0,2,lv82WtQZxZ,X,com.sec.android.app.shealth,e8e6ce1f-058d-47a2-b0a4-6b386b6a2d39,e8e6ce1f-058d-47a2-b0a4-6b386b6a2d39.compressed_content.json,
Asia/Riyadh,1574629200000,2019-12-02 11:54:19.272,2019-12-02 11:54:16.177,0,0,2,lv82WtQZxZ,X,com.sec.android.app.shealth,677af33a-1249-4438-9221-9a9553a60e7d,677af33a-1249-4438-9221-9a9553a60e7d.compressed_content.json,
Asia/Riyadh,1570395600000,2019-10-14 11:51:04.122,2019-10-14 11:51:01.581,0,0,2,lv82WtQZxZ,X,com.sec.android.app.shealth,07e5ac2f-65f3-4610-9db5-980db7af6058,07e5ac2f-65f3-4610-9db5-980db7af6058.compressed_content.json,
Asia/Riyadh,1578258000000,2020-01-13 11:49:05.077,2020-01-13 11:49:01.820,0,0,2,lv82WtQZxZ,X,com.sec.android.app.shealth,4d3ba63a-63cf-40a5-9716-ef450f459cac,4d3ba63a-63cf-40a5-9716-ef450f459cac.compressed_content.json,
Asia/Riyadh,1574024400000,2019-11-25 11:49:05.099,2019-11-25 11:49:02.543,0,0,2,lv82WtQZxZ,X,com.sec.android.app.shealth,99eac56e-d7df-43b2-9003-baedebe77b43,99eac56e-d7df-43b2-9003-baedebe77b43.compressed_content.json,
Asia/Riyadh,1581886800000,2020-02-24 11:52:16.842,2020-02-24 11:52:13.632,0,0,2,lv82WtQZxZ,X,com.sec.android.app.shealth,c6b3f2b0-0140-4a99-b5d0-b61fa6f9400a,c6b3f2b0-0140-4a99-b5d0-b61fa6f9400a.compressed_content.json,
Asia/Riyadh,1585515600000,2020-04-06 11:57:46.725,2020-04-06 11:57:40.009,0,0,2,lv82WtQZxZ,X,com.sec.android.app.shealth,726d0df8-66b3-49dd-abb0-af82ba687c38,726d0df8-66b3-49dd-abb0-af82ba687c38.compressed_content.json,
Asia/Riyadh,1577653200000,2020-01-06 11:49:49.796,2020-01-06 11:49:44.597,0,0,2,lv82WtQZxZ,X,com.sec.android.app.shealth,78af0765-99c7-4796-9c83-8be5e3f6eef4,78af0765-99c7-4796-9c83-8be5e3f6eef4.compressed_content.json,
Asia/Riyadh,1589144400000,2020-05-18 11:50:18.988,2020-05-18 11:49:14.227,0,0,2,lv82WtQZxZ,X,com.sec.android.app.shealth,530d55bf-a4df-496a-861a-9dfa5b548d0b,530d55bf-a4df-496a-861a-9dfa5b548d0b.compressed_content.json,
Asia/Riyadh,1581282000000,2020-02-17 11:48:51.891,2020-02-17 11:48:50.305,0,0,2,lv82WtQZxZ,X,com.sec.android.app.shealth,e6d2bf09-47e5-4e55-a406-61ded45a18a8,e6d2bf09-47e5-4e55-a406-61ded45a18a8.compressed_content.json,
Asia/Riyadh,1592773200000,2020-06-30 11:49:30.797,2020-06-29 11:48:49.438,0,0,2,lv82WtQZxZ,X,com.sec.android.app.shealth,805efa7d-e59e-4c7a-abe9-9ace2b11070a,805efa7d-e59e-4c7a-abe9-9ace2b11070a.compressed_content.json,
Asia/Riyadh,1584910800000,2020-03-30 11:48:53.807,2020-03-30 11:48:50.918,0,0,2,lv82WtQZxZ,X,com.sec.android.app.shealth,c6e9ae58-6ce1-429a-ac26-581c55c4e170,c6e9ae58-6ce1-429a-ac26-581c55c4e170.compressed_content.json,
Asia/Riyadh,1588539600000,2020-05-11 11:53:06.598,2020-05-11 11:53:02.504,0,0,2,lv82WtQZxZ,X,com.sec.android.app.shealth,ff55b1b9-5b46-44df-b506-23d593d10fb4,ff55b1b9-5b46-44df-b506-23d593d10fb4.compressed_content.json,
Asia/Riyadh,1592168400000,2020-06-22 11:49:15.184,2020-06-22 11:49:10.847,0,0,2,lv82WtQZxZ,X,com.sec.android.app.shealth,f8969cf8-0363-487e-a072-8430565faa8e,f8969cf8-0363-487e-a072-8430565faa8e.compressed_content.json,
Asia/Riyadh,1596402000000,2020-08-10 11:50:02.895,2020-08-10 11:49:08.968,0,0,2,lv82WtQZxZ,X,com.sec.android.app.shealth,bf37fe41-e5ae-44a3-9ec5-4a8dd0da778f,bf37fe41-e5ae-44a3-9ec5-4a8dd0da778f.compressed_content.json,
Asia/Riyadh,1600030800000,2020-09-21 11:49:09.179,2020-09-21 11:49:03.268,0,0,2,lv82WtQZxZ,X,com.sec.android.app.shealth,7e9dc760-b72e-4b2b-844b-7888bca8e76e,7e9dc760-b72e-4b2b-844b-7888bca8e76e.compressed_content.json,
Asia/Riyadh,1603659600000,2020-11-02 11:49:20.812,2020-11-02 11:49:09.967,0,0,2,lv82WtQZxZ,X,com.sec.android.app.shealth,2ef5e754-a9b0-4d61-aa8c-75a9b45fc03d,2ef5e754-a9b0-4d61-aa8c-75a9b45fc03d.compressed_content.json,
Asia/Riyadh,1595797200000,2020-08-04 11:49:10.059,2020-08-03 11:54:00.735,0,0,2,lv82WtQZxZ,X,com.sec.android.app.shealth,29f28a40-87a8-4017-a2b4-f5881ec3b533,29f28a40-87a8-4017-a2b4-f5881ec3b533.compressed_content.json,
Asia/Riyadh,1599426000000,2020-09-14 11:49:16.923,2020-09-14 11:49:10.845,0,0,2,lv82WtQZxZ,X,com.sec.android.app.shealth,2b9f424b-d13a-4e8f-a391-e64cf912dfa4,2b9f424b-d13a-4e8f-a391-e64cf912dfa4.compressed_content.json,
Asia/Riyadh,1603054800000,2020-10-26 11:51:14.014,2020-10-26 11:51:12.065,0,0,2,lv82WtQZxZ,X,com.sec.android.app.shealth,740be8b1-d82e-4b98-83d0-544c14412c85,740be8b1-d82e-4b98-83d0-544c14412c85.compressed_content.json,
Asia/Riyadh,1606683600000,2020-12-07 11:49:02.763,2020-12-07 11:49:01.574,0,0,2,lv82WtQZxZ,X,com.sec.android.app.shealth,f1b23d6f-2fff-4b93-9d5a-d6f93ef22712,f1b23d6f-2fff-4b93-9d5a-d6f93ef22712.compressed_content.json,
